6ebb56eb-7a6b-4665-b216-e92085665275	/home/hwidong/codes/claude-plugins/project/iter1/sandbox/user-repo-b	HEAD	1771462460
fe7b5a64-d84a-418a-92c1-afd889ca3f8e	/home/hwidong/codes/claude-plugins/project/iter1/sandbox/user-repo-b	main	1771462493
8595504e-271f-406f-895c-8591340326ec	/home/hwidong/codes/claude-plugins/project/iter1/sandbox/user-repo-b	main	1771462779
8e24a50a-2831-43e6-b2d8-58b39be86702	/home/hwidong/codes/claude-plugins/project/iter1/sandbox/user-repo-b	main	1771462821
ac1ac08c-d01d-4931-bf39-cb97c63f185c	/home/hwidong/codes/claude-plugins/project/iter1/sandbox/user-repo-b	main	1771462962
22efedad-b225-4597-a603-5067570f55f0	/home/hwidong/codes/claude-plugins/project/iter1/sandbox/user-repo-b	main	1771463013
28e877d4-b136-451b-b300-29f8b94f0187	/home/hwidong/codes/claude-plugins/project/iter1/sandbox/user-repo-b	main	1771463169
0bb4d5ed-4ebc-4fd7-b6c0-cd0df4a5f237	/home/hwidong/codes/claude-plugins/project/iter1/sandbox/user-repo-b	main	1771463265
5289b0b7-61e8-4910-acc3-f05e05bcd8da	/home/hwidong/codes/claude-plugins/project/iter1/sandbox/user-repo-b	main	1771463377
7155a8c4-a643-4597-bce8-2d53cb4f0930	/home/hwidong/codes/claude-plugins/project/iter1/sandbox/user-repo-b	main	1771463420
3551a307-e884-4e89-8e2f-95ff495bf1e1	/home/hwidong/codes/claude-plugins/project/iter1/sandbox/user-repo-b	feat/hello-script	1771463575
4b14b309-0fb8-4121-a3fd-d6f6c7c701f8	/home/hwidong/codes/claude-plugins/project/iter1/sandbox/user-repo-b	feat/hello-script	1771463628
026e48ea-fd25-4bd8-a555-62d5eb18faf2	/home/hwidong/codes/claude-plugins/project/iter1/sandbox/user-repo-b	feat/hello-script	1771463660
fcb7ce16-6d65-406c-9b75-1304c2c4e1c2	/home/hwidong/codes/claude-plugins/project/iter1/sandbox/user-repo-b	feat/hello-script	1771463867
a5f23633-3aa4-418a-a2f6-bb4ff1a09600	/home/hwidong/codes/claude-plugins/project/iter1/sandbox/user-repo-b	feat/hello-script	1771463971
ccdd3f81-a703-436c-a9fe-a7824adff8b1	/home/hwidong/codes/claude-plugins/project/iter1/sandbox/user-repo-b	feat/hello-script	1771463971
6145982b-f250-4616-8889-9be18c889ecb	/home/hwidong/codes/claude-plugins/project/iter1/sandbox/user-repo-b	feat/hello-script	1771463971
c68b0178-abbe-4782-be3d-cef43c353d51	/home/hwidong/codes/claude-plugins/project/iter1/sandbox/user-repo-b	feat/hello-script	1771464051
e96b91ff-4d00-465c-a008-c92dcf26f89f	/home/hwidong/codes/claude-plugins/project/iter1/sandbox/user-repo-b	feat/hello-script	1771464051
1977310e-f8c1-4359-86bb-36fd677f3bee	/home/hwidong/codes/claude-plugins/project/iter1/sandbox/user-repo-b	feat/hello-script	1771464095
98d4671b-5423-4129-adab-36e6ba6eb6d0	/home/hwidong/codes/claude-plugins/project/iter1/sandbox/user-repo-b	feat/hello-script	1771464131
0500c372-137a-4003-ac8a-3f217c6aaf3e	/home/hwidong/codes/claude-plugins/project/iter1/sandbox/user-repo-b	feat/hello-script	1771465614
61f6e312-78c6-439c-b0e9-c4b80955c640	/home/hwidong/codes/claude-plugins/project/iter1/sandbox/user-repo-b	feat/hello-script	1771465634
8b342344-d48e-4751-b957-6bfc79cb64a9	/home/hwidong/codes/claude-plugins/project/iter1/sandbox/user-repo-b	feat/hello-script	1771465654
9335839c-73d5-4612-b6ec-4f640a3b0a36	/home/hwidong/codes/claude-plugins/project/iter1/sandbox/user-repo-b	feat/hello-script	1771465670
6de42aa7-3a56-4c3f-a63f-69f0a159bbcf	/home/hwidong/codes/claude-plugins/project/iter1/sandbox/user-repo-b	feat/hello-script	1771465690
5ba719b4-4c65-47b4-a752-16ff481bdfb1	/home/hwidong/codes/claude-plugins/project/iter1/sandbox/user-repo-b	feat/hello-script	1771465710
d57c5a09-d20e-4470-a3ae-860c42fd3b03	/home/hwidong/codes/claude-plugins/project/iter1/sandbox/user-repo-b	feat/hello-script	1771465730
f411d1c0-e43f-4485-94e2-c0ac61731a79	/home/hwidong/codes/claude-plugins/project/iter1/sandbox/user-repo-b	feat/hello-script	1771465751
5dd994c6-a4a9-47ea-a875-a2b3440dc8b4	/home/hwidong/codes/claude-plugins/project/iter1/sandbox/user-repo-b	feat/hello-script	1771465770
90377ab4-9862-4da4-87ba-c3ef3ff33a44	/home/hwidong/codes/claude-plugins/project/iter1/sandbox/user-repo-b	feat/hello-script	1771465790
2acc13b6-b16b-4d8f-a2c1-ebf51d2e76b8	/home/hwidong/codes/claude-plugins/project/iter1/sandbox/user-repo-b	feat/hello-script	1771465811
aac66640-b009-4949-9e63-53c2434fe511	/home/hwidong/codes/claude-plugins/project/iter1/sandbox/user-repo-b	feat/hello-script	1771465819
ba34f232-50ae-4505-869e-5d8d5af0de85	/home/hwidong/codes/claude-plugins/project/iter1/sandbox/user-repo-b	feat/hello-script	1771465837
47d1ef4e-c376-4888-ac69-a9ed7203db71	/home/hwidong/codes/claude-plugins/project/iter1/sandbox/user-repo-b	feat/hello-script	1771465861
9b22ad83-ec40-401e-a706-abfd79c3deeb	/home/hwidong/codes/claude-plugins/project/iter1/sandbox/user-repo-b	feat/hello-script	1771465911
06c2fb57-a81b-462c-b10b-a8c158ed6ef0	/home/hwidong/codes/claude-plugins/project/iter1/sandbox/user-repo-b	feat/hello-script	1771465985
